record_id,company_sim,domain_sim,cluster
1,0.4642857142857142,0.0,0
3,0.4642857142857142,0.0,0
